{
  "responseCode": "200",
  "responseMsg": "OK",
  "data": [
    {
      "levels": 1,
      "performance": "มีประสิทธิภาพ",
      "oldWork": "เทากับเปาหมาย",
      "process": "มีขั้นตอนงาน, มีจุดควบคุม",
      "report": "รายงานผลและติดตามรายไตรมาส",
      "updateDate": "2025-04-08T12:28:48.850Z"
    }
  ],
  "timestamp": "2025-04-08T12:28:48.850Z"
}