{
  "responseCode": "200",
  "responseMsg": "OK",
  "data": [
    {
      "riskDefineID": 1,
      "rootCauseList": [
        {
          "rootCauseType": "สาเหตุหลัก",
          "rootCauseName": "ไมสามารถดำเนินงานไดอยางครบถวน",
          "solotionsList": [
            {
              "solotions": "แบงปน (Sharing)",
              "qualityCost": "ไมสามารถแบงปนได",
              "quantityCost": "ไมสามารถแบงปนได",
              "qualityBenefit": "ไมสามารถแบงปนได",
              "quantityenefit": "ไมสามารถแบงปนได"
            }
          ],
          "updateDate": "2025-04-08T12:28:48.850Z"
        }
      ]
    }
  ],
  "timestamp": "2025-04-08T12:28:48.850Z"
}