{
  "responseCode": "200",
  "responseMsg": "OK",
  "data": [
    {
      "riskDefineID": 1,
      "riskManageList": [
        {
          "rootCauseType": "สาเหตุหลัก",
          "rootCauseName": "ไมสามารถดำเนินงานไดอยางครบถวน",
          "standardRiskManage": "วิเคราะห GAP analysis",
          "qPlanStart": "ไตรมาส  1",
          "qPlanEnd": "ไตรมาส  4",
          "objectives": "เพื่อลดผลกระทบ",
          "updateDate": "2025-04-08T12:28:48.850Z"
        }
      ]
    }
  ],
  "timestamp": "2025-04-08T12:28:48.850Z"
}