{
  "responseCode": "200",
  "responseMsg": "OK",
  "data": [
    {
      "riskDefineID": 1,
      "riskManageList": [
        {
          "rootCauseType": "สาเหตุหลัก",
          "rootCauseName": "ไมสามารถดำเนินงานไดอยางครบถวน",
          "performances": "ฝขท.ไดเวียนผลการวิเคราะหxxxxx",
          "updateDate": "2025-05-15T12:28:48.850Z"
        }
      ]
    }
  ],
  "timestamp": "2025-04-08T12:28:48.850Z"
}