{
  "responseCode": "200",
  "responseMsg": "OK",
  "data": [
    {
      "departments": "[ฝอก.] ฝายอำนวยการ",
      "activities": "จัดประชุมคกก.สงเสริม/คกก.บริหาร สสว.",
      "riskDescription": "อาจเกิดความเสียหายจากภัย",
      "riskRootCause": "ภัยคุกคามทางไซเบอรในรูปแบบตางๆ",
      "riskImpactNeg": "ทำใหเกิดความเสียหาย",
      "exitingControl": "ออกประกาศแนวนโยบาย",
      "oldWorkPoint": 2,
      "processPoint": 2,
      "reportPoint": 2,
      "result": "ไมเพียงพอ",
      "updateDate": "2025-04-08T12:28:48.850Z"
    }
  ],
  "timestamp": "2025-04-08T12:28:48.850Z"
}